<?xml version="1.0" encoding="utf-8" ?>
<extension type="plugin" version="3.7.0" group="fields" method="upgrade">
    <name>plg_fields_mask</name>
    <author>Lisandro Silva</author>
    <creationDate>Agosto 2019</creationDate>
    <copyright>Copyright (C) 2005 - 2019 Open Source Matters. All rights reserved.</copyright>
    <license>GNU General Public License version 2 or later; see LICENSE.txt</license>
    <authorEmail>lisandro.t.silva@gmail.com</authorEmail>
    <authorUrl></authorUrl>
    <version>1.0.0</version>
    <description>PLG_FIELDS_MASK_XML_DESCRIPTION</description>
    <files>
        <filename plugin="mask">mask.php</filename>
        <folder>params</folder>
        <folder>tmpl</folder>
    </files>

    <media folder="media" destination="plg_fields_mask">
        <folder>js</folder>
    </media>

    <languages folder="languages">
        <language tag="en-GB">en-GB/en-GB.plg_fields_mask.ini</language>
        <language tag="en-GB">en-GB/en-GB.plg_fields_mask.sys.ini</language>
        <language tag="pt-BR">pt-BR/pt-BR.plg_fields_mask.ini</language>
        <language tag="pt-BR">pt-BR/pt-BR.plg_fields_mask.sys.ini</language>
    </languages>

    <config>
        <fields name="params">
            <fieldset name="basic"></fieldset>
        </fields>
    </config>
</extension>
